ADDRESS,ASSESSED_VALUE,COMM_NAME,PROPERTY_TYPE,VALUE_CLEAN
109 EVANSTON HL NW,"557,500",EVANSTON,LI,557500.0
55 AUBURN BAY CM SE,"373,000",AUBURN BAY,LI,373000.0
28 COPPERSTONE GA SE,"747,000",COPPERFIELD,LI,747000.0
20 ABERGALE CL NE,"417,000",ABBEYDALE,LI,417000.0
304 5555 FALSBRIDGE DR NE,"259,000",FALCONRIDGE,LI,259000.0
725 WOODBRIAR PL SW,"644,000",WOODBINE,LI,644000.0
114 235 9A ST NW,"455,500",SUNNYSIDE,LI,455500.0
3101 6118 80 AV NE,"331,500",SADDLE RIDGE,LI,331500.0
42 DOUGLASVIEW CI SE,"634,500",DOUGLASDALE/GLEN,LI,634500.0
230 81 GREENBRIAR PL NW,"627,500",GREENWOOD/GREENBRIAR,LI,627500.0
237 CITYSCAPE CM NE,"579,000",CITYSCAPE,LI,579000.0
90 BRIGHTONDALE PR SE,"653,500",NEW BRIGHTON,LI,653500.0
277 BRIGHTONSTONE GR SE,"700,000",NEW BRIGHTON,LI,700000.0
401 YORKVILLE AV SW,"78,000",YORKVILLE,LI,78000.0
508 34 ST NW,"1,750,000",PARKDALE,LO,1750000.0
4115 80 AV NE,"2,140,000",SADDLE RIDGE INDUSTRIAL,LI,2140000.0
1225 COPPERFIELD BV SE,"847,500",COPPERFIELD,LI,847500.0
110 7865 56 ST SE,"489,500",GREAT PLAINS,LI,489500.0
71 CITADEL PEAK CI NW,"762,000",CITADEL,LI,762000.0
23 DEERMEADE PL SE,"681,000",DEER RUN,LI,681000.0
97 ARBOUR CREST HT NW,"963,500",ARBOUR LAKE,LI,963500.0
215 CHAPALINA TC SE,"743,000",CHAPARRAL,LI,743000.0
508 17 AV NW,"733,500",MOUNT PLEASANT,LI,733500.0
420 STRATHCONA DR SW,"776,500",STRATHCONA PARK,LI,776500.0
2616 11811 LAKE FRASER DR SE,"288,000",LAKE BONAVISTA,LI,288000.0
58 CORNER MEADOWS CM NE,"706,000",CORNERSTONE,LI,706000.0
22 EVERHOLLOW HE SW,"676,500",EVERGREEN,LI,676500.0
27 SAGE BLUFF LI NW,"829,000",SAGE HILL,LI,829000.0
3108 15 AV SW,"579,500",SHAGANAPPI,LO,579500.0
270 LUCAS PL NW,"804,000",LIVINGSTON,LI,804000.0
301 630 10 ST NW,"437,000",SUNNYSIDE,LI,437000.0
322 CRANFORD PA SE,"488,000",CRANSTON,LI,488000.0
72V 119 19 ST NW,"15,000",WEST HILLHURST,LI,15000.0
185V 235 9A ST NW,"15,000",SUNNYSIDE,LI,15000.0
124 LEGACY HT SE,"883,000",LEGACY,LI,883000.0
303 4350 SETON DR SE,"404,500",SETON,LI,404500.0
93 SADDLECREST PL NE,"661,000",SADDLE RIDGE,LI,661000.0
57 AUBURN SHORES CA SE,"1,240,000",AUBURN BAY,LI,1240000.0
51V 607 17 AV NW,"10,000",MOUNT PLEASANT,LI,10000.0
508 450 8 AV SE,"272,000",DOWNTOWN EAST VILLAGE,LI,272000.0
2040 7 AV SE,"6,500,000",INGLEWOOD,LO,6500000.0
7323 35 AV NW,"543,000",BOWNESS,LI,543000.0
101 11 MAHOGANY CI SE,"917,000",MAHOGANY,LI,917000.0
401 836 ROYAL AV SW,"381,500",LOWER MOUNT ROYAL,LI,381500.0
504 1305 GLENMORE TR SW,"386,000",KELVIN GROVE,LI,386000.0
1923 11 ST SW,"1,130,000",UPPER MOUNT ROYAL,LI,1130000.0
196 ELGIN WY SE,"598,500",MCKENZIE TOWNE,LI,598500.0
59V 81 ARBOUR LAKE VW NW,"10,000",ARBOUR LAKE,LI,10000.0
3215 BEARSPAW DR NW,"790,000",BRENTWOOD,LI,790000.0
75 CARRINGVUE DR NW,"592,000",CARRINGTON,LI,592000.0
332S 19661 40 ST SE,"2,500",SETON,LI,2500.0
3835 13 ST SW,"1,580,000",ELBOW PARK,LI,1580000.0
228V 274 SHAWVILLE WY SE,"10,000",SHAWNESSY,LI,10000.0
702 428 NOLAN HILL DR NW,"464,500",NOLAN HILL,LI,464500.0
738 4A ST NW,"529,000",SUNNYSIDE,LI,529000.0
149 MADEIRA CR NE,"519,000",MARLBOROUGH PARK,LI,519000.0
64 HAWKWOOD PL NW,"693,000",HAWKWOOD,LI,693000.0
2089 BRIDLEMEADOWS MR SW,"538,500",BRIDLEWOOD,LI,538500.0
24 DALCASTLE PL NW,"844,000",DALHOUSIE,LI,844000.0
96 WHITEFIELD CL NE,"615,000",WHITEHORN,LI,615000.0
88 FALMEAD RD NE,"544,000",FALCONRIDGE,LI,544000.0
111 25 ASPENMONT HT SW,"390,000",ASPEN WOODS,LI,390000.0
456V 81 LEGACY BV SE,"10,000",LEGACY,LI,10000.0
5240 VARSITY DR NW,"791,000",VARSITY,LI,791000.0
4 1338 16 AV SW,"201,000",BELTLINE,LI,201000.0
59 SPRINGBANK ME SW,"712,000",SPRINGBANK HILL,LI,712000.0
909 MCKENZIE TOWNE MR SE,"343,000",MCKENZIE TOWNE,LI,343000.0
86 CHAPARRAL RIDGE PA SE,"432,500",CHAPARRAL,LI,432500.0
146 WOLF HOLLOW RI SE,"142,000",WOLF WILLOW,LO,142000.0
241 SCHUBERT PL NW,"811,000",SCENIC ACRES,LI,811000.0
33 SPRING VALLEY LN SW,"1,660,000",SPRINGBANK HILL,LI,1660000.0
208 RUNDLERIDGE DR NE,"604,000",RUNDLE,LI,604000.0
275 HAWKVILLE CL NW,"90,000",HAWKWOOD,LO,90000.0
151V 4641 128 AV NE,"10,000",SKYVIEW RANCH,LI,10000.0
198 PANORAMA HILLS CL NW,"625,000",PANORAMA HILLS,LI,625000.0
334V 10 WALGROVE WK SE,"10,000",WALDEN,LI,10000.0
731 SCHUBERT PL NW,"988,500",SCENIC ACRES,LI,988500.0
19 CHAPARRAL CM SE,"646,500",CHAPARRAL,LI,646500.0
64 CARRINGFORD RD NW,"1,010,000",CARRINGTON,LI,1010000.0
474 REGAL PA NE,"450,000",RENFREW,LI,450000.0
3025 SPILLER RD SE,"9,890,000",MANCHESTER INDUSTRIAL,LI,9890000.0
304 55 WOLF HOLLOW CR SE,"558,500",WOLF WILLOW,LI,558500.0
64 NOLAN HILL HT NW,"514,000",NOLAN HILL,LI,514000.0
3051 32A ST SE,"455,000",DOVER,LI,455000.0
1 3315 RIDEAU PL SW,"1,420,000",RIDEAU PARK,LI,1420000.0
3508 BULYEA CR NW,"761,000",BRENTWOOD,LI,761000.0
112 EVERRIDGE GD SW,"456,000",EVERGREEN,LI,456000.0
75 EDGERIDGE CL NW,"913,500",EDGEMONT,LI,913500.0
271 GREENWICH DR NW,"655,500",GREENWOOD/GREENBRIAR,LI,655500.0
167 4999 43 ST SE,"190,000",EASTFIELD,LI,190000.0
1702 KENSINGTON RD NW,"1,170,000",HILLHURST,LI,1170000.0
31 MARTINDALE BV NE,"456,000",MARTINDALE,LI,456000.0
274V 211 13 AV SE,"25,000",BELTLINE,LI,25000.0
1716 VALLEYVIEW RD NE,"540,500",VISTA HEIGHTS,LI,540500.0
1216 48 INVERNESS GA SE,"376,000",MCKENZIE TOWNE,LI,376000.0
3201 2280 68 ST NE,"250,000",MONTEREY PARK,LI,250000.0
209 WENTWORTH CL SW,"914,000",WEST SPRINGS,LI,914000.0
75 BRIDLECREEK HE SW,"682,500",BRIDLEWOOD,LI,682500.0
702 5204 DALTON DR NW,"254,000",DALHOUSIE,LI,254000.0
957S 70 ROYAL OAK PZ NW,"2,500",ROYAL OAK,LI,2500.0
515V 151 COUNTRY VILLAGE RD NE,"10,000",COUNTRY HILLS VILLAGE,LI,10000.0
175V 315 3 ST SE,"37,000",DOWNTOWN EAST VILLAGE,LI,37000.0
1304 1188 3 ST SE,"471,000",BELTLINE,LI,471000.0
20 CORNERSTONE PS NE,"487,500",CORNERSTONE,LI,487500.0
26 CEDARVIEW ME SW,"551,500",CEDARBRAE,LI,551500.0
109 1505 27 AV SW,"316,500",SOUTH CALGARY,LI,316500.0
1631 LEGACY CI SE,"468,500",LEGACY,LI,468500.0
703 LUCAS BV NW,"188,000",LIVINGSTON,LI,188000.0
33 3620 51 ST SW,"351,500",GLENBROOK,LI,351500.0
412 SAGE HILL GV NW,"487,000",SAGE HILL,LI,487000.0
3428 58 AV SW,"823,500",LAKEVIEW,LI,823500.0
72 LAKE LUCERNE CL SE,"930,000",LAKE BONAVISTA,LI,930000.0
67 AUTUMN CI SE,"839,000",AUBURN BAY,LI,839000.0
183 LYNNWOOD DR SE,"496,000",OGDEN,LI,496000.0
40 EDCATH RI NW,"970,500",EDGEMONT,LI,970500.0
55 MARTINWOOD WY NE,"490,500",MARTINDALE,LI,490500.0
12 DOVER MEADOW CL SE,"461,000",DOVER,LI,461000.0
115 315 HERITAGE DR SE,"231,500",ACADIA,LI,231500.0
24 WOOD VALLEY RI SW,"605,500",WOODBINE,LI,605500.0
938 LIVINGSTON VW NE,"155,000",LIVINGSTON,LO,155000.0
112 QUEEN ANNE PL SE,"627,000",QUEENSLAND,LI,627000.0
195 CRANWELL CL SE,"715,000",CRANSTON,LI,715000.0
209 505 19 AV SW,"213,500",CLIFF BUNGALOW,LI,213500.0
701 1208 14 AV SW,"576,500",BELTLINE,LI,576500.0
395V 200 SETON CI SE,"10,000",SETON,LI,10000.0
207 PARKLAND CR SE,"796,500",PARKLAND,LI,796500.0
1308 CORNERSTONE WY NE,"565,500",CORNERSTONE,LI,565500.0
55 ASPEN STONE CR SW,"1,000,000",ASPEN WOODS,LI,1000000.0
203 VALLEY CREST CL NW,"682,000",VALLEY RIDGE,LI,682000.0
67 SUNLAKE RD SE,"619,500",SUNDANCE,LI,619500.0
69V 6868 SIERRA MORENA BV SW,"10,000",SIGNAL HILL,LI,10000.0
640 38 ST SW,"2,310,000",SPRUCE CLIFF,LI,2310000.0
69 MARTHA'S HAVEN WY NE,"682,000",MARTINDALE,LI,682000.0
71V 515 4 AV NE,"15,000",BRIDGELAND/RIVERSIDE,LI,15000.0
2528 4 AV NW,"932,500",WEST HILLHURST,LI,932500.0
207 LIVINGSTON CM NE,"450,500",LIVINGSTON,LI,450500.0
107V 95 BURMA STAR RD SW,"10,000",CURRIE BARRACKS,LI,10000.0
226 7 AV NE,"1,040,000",CRESCENT HEIGHTS,LI,1040000.0
108 EVERGREEN WY SW,"957,500",EVERGREEN,LI,957500.0
106 CITADEL CREST CI NW,"732,500",CITADEL,LI,732500.0
7 KELWOOD PL SW,"725,000",GLENDALE,LI,725000.0
29 NOLANHURST CR NW,"786,500",NOLAN HILL,LI,786500.0
42V 2307 14 ST SW,"15,000",BANKVIEW,LI,15000.0
1206 FONDA CO SE,"379,500",FOREST HEIGHTS,LI,379500.0
649 SAVANNA BV NE,"523,000",SADDLE RIDGE,LI,523000.0
300 KINCORA DR NW,"689,500",KINCORA,LI,689500.0
10 CITADEL ESTATES HT NW,"648,000",CITADEL,LI,648000.0
215 CRANBERRY GR SE,"585,000",CRANSTON,LI,585000.0
43 COPPERFIELD TC SE,"615,000",COPPERFIELD,LI,615000.0
1619 37 ST SW,"1,940,000",ROSSCARROCK,LI,1940000.0
903 ABBOTSFORD DR NE,"537,500",ABBEYDALE,LI,537500.0
103 MARDALE CR NE,"495,500",MARLBOROUGH,LI,495500.0
2507 CHATEAU PL NW,"1,270,000",CHARLESWOOD,LI,1270000.0
3142 LINDEN DR SW,"1,560,000",LAKEVIEW,LI,1560000.0
40 FAWN CR SE,"546,500",FAIRVIEW,LI,546500.0
12207 LAKE LOUISE WY SE,"1,670,000",LAKE BONAVISTA,LI,1670000.0
212 500 ROYAL OAK DR NW,"889,000",ROYAL OAK,LI,889000.0
46 HARVEST WOOD WY NE,"595,500",HARVEST HILLS,LI,595500.0
159V 1500 7 ST SW,"25,000",BELTLINE,LI,25000.0
1306 702 3 AV SW,"237,000",EAU CLAIRE,LI,237000.0
20 KINLEA CM NW,"497,500",KINCORA,LI,497500.0
4 4328 75 ST NW,"165,000",BOWNESS,LI,165000.0
3523 69 ST NW,"464,500",BOWNESS,LI,464500.0
3111 46 ST SW,"696,000",GLENBROOK,LI,696000.0
13 CITADEL CI NW,"743,500",CITADEL,LI,743500.0
749 PANATELLA BV NW,"553,000",PANORAMA HILLS,LI,553000.0
133 CORNER GLEN SQ NE,"243,500",CORNERSTONE,LO,243500.0
208V 155 SKYVIEW RANCH WY NE,"10,000",SKYVIEW RANCH,LI,10000.0
383 EVANSTON WY NW,"605,000",EVANSTON,LI,605000.0
37 COLLEEN CR SW,"935,000",CHINOOK PARK,LI,935000.0
249 LOS ALAMOS PL NE,"617,000",MONTEREY PARK,LI,617000.0
225 41 AV NE,"2,560,000",GREENVIEW INDUSTRIAL PARK,LI,2560000.0
225 COPPERHEAD WY SE,"812,500",COPPERFIELD,LI,812500.0
59 ARBOUR RIDGE WY NW,"843,500",ARBOUR LAKE,LI,843500.0
706 120 SILVERCREEK CL NW,"375,000",SILVER SPRINGS,LI,375000.0
147V 115 COUGAR RIDGE LD SW,"10,000",COUGAR RIDGE,LI,10000.0
1406 1188 3 ST SE,"330,500",BELTLINE,LI,330500.0
2020 26A ST SW,"695,500",KILLARNEY/GLENGARRY,LI,695500.0
70 TARACOVE WY NE,"650,000",TARADALE,LI,650000.0
8426 SADDLERIDGE DR NE,"767,500",SADDLE RIDGE,LI,767500.0
8422 SILVER SPRINGS RD NW,"663,500",SILVER SPRINGS,LI,663500.0
32V 119 19 ST NW,"15,000",WEST HILLHURST,LI,15000.0
203 11420 27 ST SE,"474,500",SHEPARD INDUSTRIAL,LI,474500.0
23 COPPERFIELD CR SE,"817,500",COPPERFIELD,LI,817500.0
125 KINCORA GLEN RI NW,"862,000",KINCORA,LI,862000.0
5305 15 SAGE MEADOWS LD NW,"441,000",SAGE HILL,LI,441000.0
248 CORAL KEYS GR NE,"742,000",CORAL SPRINGS,LI,742000.0
47 HUNTFORD RD NE,"425,000",HUNTINGTON HILLS,LI,425000.0
4315 26 AV SE,"678,000",DOVER,LI,678000.0
704 428 NOLAN HILL DR NW,"440,500",NOLAN HILL,LI,440500.0
213 11 MAHOGANY CI SE,"458,000",MAHOGANY,LI,458000.0
88 WILLOW PARK GR SE,"1,760,000",WILLOW PARK,LI,1760000.0
52 PANORA CL NW,"569,500",PANORAMA HILLS,LI,569500.0
285V 10 DISCOVERY RIDGE CL SW,"10,000",DISCOVERY RIDGE,LI,10000.0
13 EVANSGLEN LI NW,"858,000",EVANSTON,LI,858000.0
245 AMBLETON DR NW,"644,500",MORAINE,LI,644500.0
1411C 44 ST SE,"244,000",FOREST LAWN,LI,244000.0
74 SHERWOOD MT NW,"827,000",SHERWOOD,LI,827000.0
4207 DOVERCREST DR SE,"492,500",DOVER,LI,492500.0
483V 901 10 AV SW,"25,000",BELTLINE,LI,25000.0
308 323 20 AV SW,"380,500",MISSION,LI,380500.0
19011 MACLEOD TR SW,"15,260,000",SILVERADO,LO,15260000.0
201 2421 16 ST SW,"186,500",BANKVIEW,LI,186500.0
527 NOLANFIELD VI NW,"530,500",NOLAN HILL,LI,530500.0
67 CUMBERLAND DR NW,"785,000",CAMBRIAN HEIGHTS,LI,785000.0
22 CALHOUN CR NE,"911,500",LIVINGSTON,LI,911500.0
200 WESTHILLS WY SW,"1,342,160",SIGNAL HILL,LI,1342160.0
105 120 PANATELLA LD NW,"283,000",PANORAMA HILLS,LI,283000.0
101 343 4 AV NE,"176,500",CRESCENT HEIGHTS,LI,176500.0
11212 WILSON RD SE,"843,000",WILLOW PARK,LI,843000.0
217S 327 9A ST NW,"2,500",SUNNYSIDE,LI,2500.0
305 MARQUIS HT SE,"744,000",MAHOGANY,LI,744000.0
49 SAGE MEADOWS WY NW,"818,000",SAGE HILL,LI,818000.0
208 MCKERRELL WY SE,"703,000",MCKENZIE LAKE,LI,703000.0
28V 1235 CAMERON AV SW,"15,000",LOWER MOUNT ROYAL,LI,15000.0
63 MAHOGANY IS SE,"3,520,000",MAHOGANY,LI,3520000.0
42 2414 14A ST SW,"251,500",BANKVIEW,LI,251500.0
412 OAKWOOD PL SW,"708,500",OAKRIDGE,LI,708500.0
104 11 DOVER PT SE,"240,500",DOVER,LI,240500.0
617 46 9 ST NE,"463,500",BRIDGELAND/RIVERSIDE,LI,463500.0
245V 5605 HENWOOD ST SW,"10,000",GARRISON GREEN,LI,10000.0
1745 7 AV NW,"975,000",HILLHURST,LI,975000.0
358S 26 VAL GARDENA VW SW,"2,500",SPRINGBANK HILL,LI,2500.0
7 REDSTONE PT NE,"826,000",REDSTONE,LI,826000.0
232 SILVER BROOK WY NW,"666,000",SILVER SPRINGS,LI,666000.0
3752 GLENBROOK DR SW,"733,000",GLENBROOK,LI,733000.0
610 REDSTONE CR NE,"422,000",REDSTONE,LI,422000.0
902 281 COUGAR RIDGE DR SW,"366,500",COUGAR RIDGE,LI,366500.0
220 CHAPARRAL DR SE,"873,000",CHAPARRAL,LI,873000.0
507 ROCKY VISTA GD NW,"714,500",ROCKY RIDGE,LI,714500.0
597V 100 HARVEST HILLS PL NE,"10,000",HARVEST HILLS,LI,10000.0
305 CITADEL PT NW,"438,000",CITADEL,LI,438000.0
3222 1 ST SW,"2,560,000",ROXBORO,LI,2560000.0
98 HOTCHKISS MR SE,"587,500",HOTCHKISS,LI,587500.0
28 CREEKSTONE LD SW,"178,500",PINE CREEK,LO,178500.0
26 INVERNESS PA SE,"524,500",MCKENZIE TOWNE,LI,524500.0
200V 11 MAHOGANY RO SE,"10,000",MAHOGANY,LI,10000.0
124 TUSCANY HILLS CL NW,"769,500",TUSCANY,LI,769500.0
1324 NORTHMOUNT DR NW,"665,500",BRENTWOOD,LI,665500.0
411V 1025 5 AV SW,"37,000",DOWNTOWN WEST END,LI,37000.0
10V 18 MAHOGANY PH SE,"35,000",MAHOGANY,LI,35000.0
320 MIDRIDGE RD SE,"571,000",MIDNAPORE,LI,571000.0
236 CORAL SHORES LD NE,"1,100,000",CORAL SPRINGS,LI,1100000.0
70 COPPERPOND ST SE,"915,000",COPPERFIELD,LI,915000.0
2631 26A ST SW,"592,500",KILLARNEY/GLENGARRY,LI,592500.0
36 ASPEN HILLS GR SW,"528,500",ASPEN WOODS,LI,528500.0
2413 14 ST NW,"1,130,000",CAPITOL HILL,LI,1130000.0
51 NOLANLAKE CV NW,"541,500",NOLAN HILL,LI,541500.0
2004 1053 10 ST SW,"242,000",BELTLINE,LI,242000.0
210 HAWKVILLE CL NW,"891,500",HAWKWOOD,LI,891500.0
4603 MARYVALE RD NE,"532,500",MARLBOROUGH,LI,532500.0
272 WHITWORTH WY NE,"464,000",WHITEHORN,LI,464000.0
4739 46 AV SW,"712,500",GLAMORGAN,LI,712500.0
6456 70 ST NW,"749,000",SILVER SPRINGS,LI,749000.0
1805 825 8 AV SW,"153,000",DOWNTOWN COMMERCIAL CORE,LI,153000.0
338 PUMPRIDGE PL SW,"1,520,000",PUMP HILL,LI,1520000.0
16 SANDSTONE RD NW,"590,500",SANDSTONE VALLEY,LI,590500.0
308 1 ST NE,"1,240,000",CRESCENT HEIGHTS,LI,1240000.0
60 BRADEN CR NW,"920,000",BRENTWOOD,LI,920000.0
401V 1150 3 ST SE,"25,000",BELTLINE,LI,25000.0
87 MARTIN CROSSING CL NE,"542,000",MARTINDALE,LI,542000.0
503 505 19 AV SW,"223,500",CLIFF BUNGALOW,LI,223500.0
258 COUGARSTONE GD SW,"824,000",COUGAR RIDGE,LI,824000.0
66V 2518 FISH CREEK BV SW,"10,000",EVERGREEN,LI,10000.0
398V 135 13 AV SW,"25,000",BELTLINE,LI,25000.0
3810 45 ST SW,"870,500",GLENBROOK,LI,870500.0
403 1027 1 AV NW,"329,000",SUNNYSIDE,LI,329000.0
120 RIVERGLEN PA SE,"363,000",RIVERBEND,LI,363000.0
35 ASPEN MEADOWS MR SW,"1,730,000",ASPEN WOODS,LI,1730000.0
3402 210 15 AV SE,"925,500",BELTLINE,LI,925500.0
3520 8 AV SW,"907,500",SPRUCE CLIFF,LI,907500.0
168 CORAL SPRINGS CL NE,"645,500",CORAL SPRINGS,LI,645500.0
433 4525 31 ST SW,"357,500",RUTLAND PARK,LI,357500.0
170 SADDLEMONT BV NE,"685,500",SADDLE RIDGE,LI,685500.0
131 11055 50 ST SE,"522,500",EAST SHEPARD INDUSTRIAL,LI,522500.0
43 DOVERGLEN CR SE,"426,000",DOVER,LI,426000.0
40V 730 5 ST NE,"10,000",RENFREW,LI,10000.0
48 SUNVALE CR SE,"535,000",SUNDANCE,LI,535000.0
115 ROCKMONT CO NW,"829,500",ROCKY RIDGE,LI,829500.0
115V 305 18 AV SW,"15,000",MISSION,LI,15000.0
63 COPPERLEAF CR SE,"741,000",COPPERFIELD,LI,741000.0
1314V 20 ROYAL OAK PZ NW,"10,000",ROYAL OAK,LI,10000.0
86 TARALEA MR NE,"634,000",TARADALE,LI,634000.0
2101 20 HARVEST ROSE PA NE,"307,500",HARVEST HILLS,LI,307500.0
206 707 4 ST NE,"339,500",RENFREW,LI,339500.0
728 WILTON PL SE,"738,500",WILLOW PARK,LI,738500.0
79 CARRINGWOOD MR NW,"1,070,000",CARRINGTON,LI,1070000.0
706 6223 31 AV NW,"424,000",BOWNESS,LI,424000.0
34 MASTERS VI SE,"1,020,000",MAHOGANY,LI,1020000.0
180 ROWMONT BV NW,"671,000",HASKAYNE,LI,671000.0
204 618 2 AV NW,"328,500",SUNNYSIDE,LI,328500.0
51 CITADEL CREST PA NW,"736,500",CITADEL,LI,736500.0
129 4 ST NE,"1,150,000",CRESCENT HEIGHTS,LI,1150000.0
1604 10 AV SW,"482,000",SUNALTA,LI,482000.0
807 817 15 AV SW,"456,000",BELTLINE,LI,456000.0
402 HENDON DR NW,"642,500",HIGHWOOD,LI,642500.0
2226 76 CORNERSTONE PS NE,"332,000",CORNERSTONE,LI,332000.0
3611 5 ST SW,"4,160,000",ELBOW PARK,LI,4160000.0
5305 151 LEGACY MAIN ST SE,"315,000",LEGACY,LI,315000.0
259 EDGEBROOK RI NW,"750,500",EDGEMONT,LI,750500.0
1107 SAGE MEADOWS GD NW,"454,000",SAGE HILL,LI,454000.0
251 COVINGTON RD NE,"462,500",COVENTRY HILLS,LI,462500.0
11 SAGE HILL WY NW,"683,500",SAGE HILL,LI,683500.0
167 RANCH GLEN PL NW,"607,500",RANCHLANDS,LI,607500.0
361 MCKENZIE TOWNE DR SE,"685,500",MCKENZIE TOWNE,LI,685500.0
2320 16 ST SW,"730,000",BANKVIEW,LI,730000.0
263V 2233 34 AV SW,"10,000",GARRISON WOODS,LI,10000.0
14 SADDLEMONT MR NE,"526,000",SADDLE RIDGE,LI,526000.0
311 71 SHAWNEE CM SW,"412,000",SHAWNEE SLOPES,LI,412000.0
4 10 COUNTRY HILLS LD NW,"2,800,000",COUNTRY HILLS,LI,2800000.0
565V 130 PANATELLA ST NW,"10,000",PANORAMA HILLS,LI,10000.0
70 WESTBURY PL SW,"827,000",WEST SPRINGS,LI,827000.0
236 NEW BRIGHTON GV SE,"584,500",NEW BRIGHTON,LI,584500.0
1007 OLYMPIA CR SE,"525,000",OGDEN,LI,525000.0
3127 106 AV SW,"643,000",CEDARBRAE,LI,643000.0
174 BRIDLEWOOD DR SW,"529,500",BRIDLEWOOD,LI,529500.0
24 PATINA PA SW,"440,500",PATTERSON,LI,440500.0
68 PRESTWICK CL SE,"711,500",MCKENZIE TOWNE,LI,711500.0
63 CHAPARRAL CI SE,"702,500",CHAPARRAL,LI,702500.0
507 3232 RIDEAU PL SW,"309,500",RIDEAU PARK,LI,309500.0
412 29 AV NE,"864,500",WINSTON HEIGHTS/MOUNTVIEW,LI,864500.0
139 405 64 AV NE,"314,000",THORNCLIFFE,LI,314000.0
509 3204 RIDEAU PL SW,"496,500",RIDEAU PARK,LI,496500.0
5136 NESBITT RD NW,"648,500",NORTH HAVEN,LI,648500.0
343 2200 MARDA LI SW,"354,500",GARRISON WOODS,LI,354500.0
14 MT BREWSTER CI SE,"735,500",MCKENZIE LAKE,LI,735500.0
196 SHERWOOD RI NW,"1,250,000",SHERWOOD,LI,1250000.0
270V 48 INVERNESS GA SE,"10,000",MCKENZIE TOWNE,LI,10000.0
422 INVERNESS PA SE,"913,000",MCKENZIE TOWNE,LI,913000.0
500K 500 EAU CLAIRE AV SW,"929,500",EAU CLAIRE,LI,929500.0
171 PANATELLA BV NW,"744,500",PANORAMA HILLS,LI,744500.0
85 BRIGHTONWOODS CR SE,"664,000",NEW BRIGHTON,LI,664000.0
2 4528 75 ST NW,"292,000",BOWNESS,LI,292000.0
249 PANTEGO RD NW,"775,500",PANORAMA HILLS,LI,775500.0
207 EVANSCREST WY NW,"670,000",EVANSTON,LI,670000.0
206 1000 APPLEVILLAGE CO SE,"221,000",APPLEWOOD PARK,LI,221000.0
115 HAWKVIEW MANOR PL NW,"948,500",HAWKWOOD,LI,948500.0
201 225 6 ST SW,"188,500",EAU CLAIRE,LI,188500.0
68 SANDERLING RI NW,"611,000",SANDSTONE VALLEY,LI,611000.0
100V 50 SAGE HILL WK NW,"10,000",SAGE HILL,LI,10000.0
1141 40 ST SW,"724,000",ROSSCARROCK,LI,724000.0
47 ROYAL OAK HT NW,"851,000",ROYAL OAK,LI,851000.0
91V 60 SIERRA MORENA LD SW,"10,000",SIGNAL HILL,LI,10000.0
183V 120 COUNTRY VILLAGE CI NE,"10,000",COUNTRY HILLS VILLAGE,LI,10000.0
32 SADDLELAKE CM NE,"844,500",SADDLE RIDGE,LI,844500.0
60 EVERGLEN GV SW,"696,500",EVERGREEN,LI,696500.0
236 DEERVIEW CO SE,"390,500",DEER RIDGE,LI,390500.0
2305 175 SILVERADO BV SW,"384,500",SILVERADO,LI,384500.0
56V 1315 12 AV SW,"25,000",BELTLINE,LI,25000.0
3224 MORLEY TR NW,"717,500",BANFF TRAIL,LI,717500.0
28 CITADEL PT NW,"477,000",CITADEL,LI,477000.0
76 AUBURN SHORES WY SE,"947,000",AUBURN BAY,LI,947000.0
10030 HIDDEN VALLEY DR NW,"887,000",HIDDEN VALLEY,LI,887000.0
6488 54 ST NE,"430,000",CASTLERIDGE,LI,430000.0
214 KILLARNEY GLEN CO SW,"418,500",KILLARNEY/GLENGARRY,LI,418500.0
96V 450 KINCORA GLEN RD NW,"10,000",KINCORA,LI,10000.0
1105 6 ST SE,"387,000",BELTLINE,LO,387000.0
75 FAIRVIEW CR SE,"641,500",FAIRVIEW,LI,641500.0
77V 6000 SOMERVALE CO SW,"10,000",SOMERSET,LI,10000.0
108 HERRON ME NE,"720,500",LIVINGSTON,LI,720500.0
5244 44 AV NW,"1,080,000",VARSITY,LI,1080000.0
18 FARNHAM DR SE,"575,000",FAIRVIEW,LI,575000.0
31 TARINGTON WY NE,"581,500",TARADALE,LI,581500.0
52 2318 17 ST SE,"420,000",INGLEWOOD,LI,420000.0
92 AUBURN BAY VW SE,"582,000",AUBURN BAY,LI,582000.0
2402 111 TARAWOOD LN NE,"353,000",TARADALE,LI,353000.0
640 WILLESDEN DR SE,"712,000",WILLOW PARK,LI,712000.0
1701 215 13 AV SW,"442,000",BELTLINE,LI,442000.0
73 BRIDLEWOOD WY SW,"660,500",BRIDLEWOOD,LI,660500.0
2212 UXBRIDGE DR NW,"788,000",UNIVERSITY HEIGHTS,LI,788000.0
68 FALWOOD CR NE,"369,500",FALCONRIDGE,LI,369500.0
325 CITADEL HILLS CI NW,"621,000",CITADEL,LI,621000.0
11944 VALLEY RIDGE DR NW,"923,000",VALLEY RIDGE,LI,923000.0
100 29 ST SW,"362,000",SHAGANAPPI,LO,362000.0
500 ST MORITZ DR SW,"2,060,000",SPRINGBANK HILL,LO,2060000.0
2304 130 PANATELLA ST NW,"321,000",PANORAMA HILLS,LI,321000.0
119 KINCORA GV NW,"698,000",KINCORA,LI,698000.0
62V 4611 BOWNESS RD NW,"10,000",MONTGOMERY,LI,10000.0
1636 CHESTER PL NW,"792,500",COLLINGWOOD,LI,792500.0
155 AUBURN SOUND CI SE,"1,180,000",AUBURN BAY,LI,1180000.0
32 CITYSCAPE VW NE,"780,500",CITYSCAPE,LI,780500.0
11 ROYAL OAK GD NW,"474,500",ROYAL OAK,LI,474500.0
150 MCKENZIE LAKE CV SE,"733,000",MCKENZIE LAKE,LI,733000.0
847 RAYNARD CR SE,"434,000",ALBERT PARK/RADISSON HEIGHTS,LI,434000.0
190 VALLEY RIDGE GR NW,"762,500",VALLEY RIDGE,LI,762500.0
16 HIDDEN HILLS RD NW,"529,000",HIDDEN VALLEY,LI,529000.0
116 COVINGTON RD NE,"500,500",COVENTRY HILLS,LI,500500.0
4 88 9 ST NE,"486,500",BRIDGELAND/RIVERSIDE,LI,486500.0
2 211 11A ST NW,"802,500",HILLHURST,LI,802500.0
66 ROYAL CREST PT NW,"567,000",ROYAL OAK,LI,567000.0
88V 10 HEMLOCK CR SW,"15,000",SPRUCE CLIFF,LI,15000.0
64 EDITH GA NW,"565,500",GLACIER RIDGE,LI,565500.0
147 ABINGDON WY NE,"483,500",ABBEYDALE,LI,483500.0
122 3 AV SE,"21,080,000",CHINATOWN,LI,21080000.0
223 CITYSIDE VW NE,"794,500",CITYSCAPE,LI,794500.0
44 HOWSE DR NE,"522,500",LIVINGSTON,LI,522500.0
3 SAGE BERRY PL NW,"608,000",SAGE HILL,LI,608000.0
238 BRIDLEWOOD LN SW,"375,000",BRIDLEWOOD,LI,375000.0
318 25 AUBURN MEADOWS AV SE,"399,000",AUBURN BAY,LI,399000.0
4924 GRAHAM DR SW,"724,500",GLENBROOK,LI,724500.0
33 TRASIMENO CR SW,"1,920,000",CURRIE BARRACKS,LI,1920000.0
1113 48 INVERNESS GA SE,"559,500",MCKENZIE TOWNE,LI,559500.0
127 DOUGLAS GLEN CL SE,"558,000",DOUGLASDALE/GLEN,LI,558000.0
1719 2 AV NW,"1,070,000",HILLHURST,LI,1070000.0
105 70 PANATELLA LD NW,"286,000",PANORAMA HILLS,LI,286000.0
363 MANORA RD NE,"570,000",MARLBOROUGH PARK,LI,570000.0
451S 76 CORNERSTONE PS NE,"2,500",CORNERSTONE,LI,2500.0
10731 MAPLEBEND DR SE,"702,500",MAPLE RIDGE,LI,702500.0
83 SADDLEBROOK WY NE,"571,500",SADDLE RIDGE,LI,571500.0
305 DOUGLASBANK CO SE,"657,000",DOUGLASDALE/GLEN,LI,657000.0
2728 48 ST NE,"543,000",RUNDLE,LI,543000.0
211 QUEEN CHARLOTTE PL SE,"628,000",QUEENSLAND,LI,628000.0
278V 205 QUARRY WY SE,"10,000",DOUGLASDALE/GLEN,LI,10000.0
127 BROOKGREEN DR SW,"607,000",BRAESIDE,LI,607000.0
266 CHAPARRAL CO SE,"704,500",CHAPARRAL,LI,704500.0
308 MCKENZIE TOWNE LI SE,"427,500",MCKENZIE TOWNE,LI,427500.0
575V 1150 3 ST SE,"25,000",BELTLINE,LI,25000.0
146 CREEKSTONE PH SW,"731,500",PINE CREEK,LI,731500.0
24V 2905 16 ST SW,"15,000",SOUTH CALGARY,LI,15000.0
217 30 WALGROVE WK SE,"403,500",WALDEN,LI,403500.0
1528 21 ST NW,"757,500",HOUNSFIELD HEIGHTS/BRIAR HILL,LI,757500.0
212 15 ASPENMONT HT SW,"394,000",ASPEN WOODS,LI,394000.0
3204 4001C 49 ST NW,"201,500",VARSITY,LI,201500.0
70V 3950 46 AV NW,"10,000",VARSITY,LI,10000.0
31 EVERWILLOW GR SW,"693,000",EVERGREEN,LI,693000.0
110 18 AV SE,"847,500",MISSION,LI,847500.0
256 COVENTRY GR NE,"583,500",COVENTRY HILLS,LI,583500.0
2912 4 AV NW,"898,000",PARKDALE,LI,898000.0
248 CANTERBURY CO SW,"852,000",CANYON MEADOWS,LI,852000.0
1 713 MCDOUGALL RD NE,"281,000",BRIDGELAND/RIVERSIDE,LI,281000.0
114 PUMPRIDGE PL SW,"1,750,000",PUMP HILL,LI,1750000.0
31 COUNTRY HILLS LI NW,"566,500",COUNTRY HILLS,LI,566500.0
103 EDGELAND RD NW,"807,500",EDGEMONT,LI,807500.0
401 310 12 AV SW,"313,000",BELTLINE,LI,313000.0
1907 930 6 AV SW,"275,500",DOWNTOWN COMMERCIAL CORE,LI,275500.0
351 111 TARAWOOD LN NE,"386,000",TARADALE,LI,386000.0
23 COLERIDGE CR NW,"1,170,000",CAMBRIAN HEIGHTS,LI,1170000.0
13883 EVERGREEN ST SW,"738,500",EVERGREEN,LI,738500.0
214 20 MAHOGANY ME SE,"299,500",MAHOGANY,LI,299500.0
69 HIDDEN RANCH CI NW,"631,500",HIDDEN VALLEY,LI,631500.0
2219 151 SKYVIEW BA NE,"378,500",SKYVIEW RANCH,LI,378500.0
287 PANAMOUNT DR NW,"658,500",PANORAMA HILLS,LI,658500.0
157 COUNTRY HILLS PA NW,"637,000",COUNTRY HILLS,LI,637000.0
32V 835 78 ST SW,"10,000",WEST SPRINGS,LI,10000.0
14664 DEER RUN DR SE,"547,000",DEER RUN,LI,547000.0
14783 DEER RUN DR SE,"600,000",DEER RUN,LI,600000.0
19 COUNTRY VILLAGE LD NE,"424,000",COUNTRY HILLS VILLAGE,LI,424000.0
672 KILLARNEY GLEN CO SW,"482,000",KILLARNEY/GLENGARRY,LI,482000.0
724 WHITEMONT DR NE,"487,500",WHITEHORN,LI,487500.0
34V 2905 16 ST SW,"15,000",SOUTH CALGARY,LI,15000.0
26 CONFEDERATION VI NW,"726,000",COLLINGWOOD,LI,726000.0
L 7139 40 ST SE,"681,000",FOOTHILLS INDUSTRIAL,LI,681000.0
133 DEER RIVER PL SE,"756,500",DEER RUN,LI,756500.0
2031 37 AV SW,"1,020,000",ALTADORE,LI,1020000.0
198V 1501 6 ST SW,"25,000",BELTLINE,LI,25000.0
28 CORNERSTONE AV NE,"555,500",CORNERSTONE,LI,555500.0
24 CITADEL DR NW,"662,500",CITADEL,LI,662500.0
403 1202 13 AV SW,"157,000",BELTLINE,LI,157000.0
1529 SYMONS VALLEY PY NW,"428,000",EVANSTON,LI,428000.0
105 1055 72 AV NW,"270,500",HUNTINGTON HILLS,LI,270500.0
1411 6118 80 AV NE,"264,500",SADDLE RIDGE,LI,264500.0
903 5204 DALTON DR NW,"250,500",DALHOUSIE,LI,250500.0
454 23 AV NW,"734,000",MOUNT PLEASANT,LI,734000.0
170 89 ST SW,"536,500",WEST SPRINGS,LI,536500.0
36V 26 BRENTWOOD CM NW,"10,000",BRENTWOOD,LI,10000.0
3715 CENTRE A ST NE,"593,000",HIGHLAND PARK,LI,593000.0
4310B MACLEOD TR SW,"57,500",MANCHESTER,LO,57500.0
120 MADEIRA RD NE,"478,500",MARLBOROUGH PARK,LI,478500.0
1 2642 25A ST SW,"695,000",RICHMOND,LI,695000.0
351 ARBOUR LAKE WY NW,"1,310,000",ARBOUR LAKE,LI,1310000.0
1020 SANTANA RD NW,"585,500",SANDSTONE VALLEY,LI,585500.0
4167 EDGEVALLEY LD NW,"1,650,000",EDGEMONT,LI,1650000.0
109 DOUGLAS RIDGE PL SE,"677,000",DOUGLASDALE/GLEN,LI,677000.0
77S 103 VALLEY RIDGE MR NW,"2,500",VALLEY RIDGE,LI,2500.0
144 APPLEWOOD WY SE,"573,500",APPLEWOOD PARK,LI,573500.0
21 ERIN GROVE PL SE,"421,000",ERIN WOODS,LI,421000.0
274 COPPERFIELD GD SE,"567,000",COPPERFIELD,LI,567000.0
787 COVENTRY DR NE,"523,000",COVENTRY HILLS,LI,523000.0
8 QUARRY GA SE,"703,500",DOUGLASDALE/GLEN,LI,703500.0
2107 155 SKYVIEW RANCH WY NE,"295,500",SKYVIEW RANCH,LI,295500.0
221 CRANBERRY PL SE,"517,000",CRANSTON,LI,517000.0
702 4554 VALIANT DR NW,"319,500",VARSITY,LI,319500.0
259 ROYAL OAK CI NW,"814,500",ROYAL OAK,LI,814500.0
6231 DALBEATTIE GR NW,"850,500",DALHOUSIE,LI,850500.0
104 1129 CAMERON AV SW,"140,500",LOWER MOUNT ROYAL,LI,140500.0
16 BRIGHTONCREST MR SE,"729,000",NEW BRIGHTON,LI,729000.0
95 MARTIN CROSSING GV NE,"547,000",MARTINDALE,LI,547000.0
18 WOODFIELD CL SW,"467,500",WOODBINE,LI,467500.0
16 EDGEVALLEY VW NW,"859,500",EDGEMONT,LI,859500.0
1 1809 11 AV SW,"260,500",SUNALTA,LI,260500.0
196 ASCOT CR SW,"1,300,000",ASPEN WOODS,LI,1300000.0
102 WEST GROVE PT SW,"1,410,000",WEST SPRINGS,LI,1410000.0
25 COVENTRY CL NE,"471,000",COVENTRY HILLS,LI,471000.0
3208 30A AV SE,"376,000",DOVER,LI,376000.0
281V 4641 128 AV NE,"10,000",SKYVIEW RANCH,LI,10000.0
216 3016 5 AV NE,"2,180,000",FRANKLIN,LI,2180000.0
32 HAWKCLIFF ME NW,"747,000",HAWKWOOD,LI,747000.0
528 26 VAL GARDENA VW SW,"262,500",SPRINGBANK HILL,LI,262500.0
8 EDGEBROOK RI NW,"734,500",EDGEMONT,LI,734500.0
37 4649 HUBALTA RD SE,"244,500",DOVER,LI,244500.0
8016 4A ST NE,"524,500",HUNTINGTON HILLS,LI,524500.0
1205 25 ST SE,"468,500",ALBERT PARK/RADISSON HEIGHTS,LI,468500.0
26 CITYLINE GV NE,"762,000",CITYSCAPE,LI,762000.0
142 MITCHELL VI NW,"215,500",GLACIER RIDGE,LO,215500.0
504 338 SETON CI SE,"288,000",SETON,LI,288000.0
32 SHAWCLIFFE CO SW,"651,000",SHAWNESSY,LI,651000.0
129 HAMPTONS SQ NW,"1,330,000",HAMPTONS,LI,1330000.0
414 60 24 AV SW,"494,000",ERLTON,LI,494000.0
86 DOUGLAS WOODS CL SE,"691,000",DOUGLASDALE/GLEN,LI,691000.0
14555 BANNISTER RD SE,"1,760,000",MIDNAPORE,LO,1760000.0
402 MILLRISE DR SW,"607,500",MILLRISE,LI,607500.0
263 HAMPTONS SQ NW,"1,230,000",HAMPTONS,LI,1230000.0
20 FERNIE PL SE,"634,500",FAIRVIEW,LI,634500.0
76V 450 KINCORA GLEN RD NW,"10,000",KINCORA,LI,10000.0
811 MCKENZIE DR SE,"534,000",MCKENZIE LAKE,LI,534000.0
19 CITYLINE HE NE,"729,500",CITYSCAPE,LI,729500.0
20 AMBLESIDE CR NW,"671,500",MORAINE,LI,671500.0
133 CRANBROOK CV SE,"978,000",CRANSTON,LI,978000.0
504 RUNDLELAWN WY NE,"556,500",RUNDLE,LI,556500.0
282 CITADEL CREST GR NW,"758,000",CITADEL,LI,758000.0
22 300 EVANSCREEK CO NW,"453,000",EVANSTON,LI,453000.0
313V 162 COUNTRY VILLAGE CI NE,"10,000",COUNTRY HILLS VILLAGE,LI,10000.0
19749 45 ST SE,"149,000",SETON,LO,149000.0
355 TARACOVE ESTATE DR NE,"665,500",TARADALE,LI,665500.0
30 SILVERGROVE CL NW,"495,500",SILVER SPRINGS,LI,495500.0
219 SADDLEMEAD CL NE,"591,500",SADDLE RIDGE,LI,591500.0
69V 532 5 AV NE,"10,000",RENFREW,LI,10000.0
1235 19 AV NW,"818,500",CAPITOL HILL,LI,818500.0
311 1411 7 AV NW,"240,000",HILLHURST,LI,240000.0
140 MT APEX GR SE,"495,000",MCKENZIE LAKE,LI,495000.0
4411 49 ST NW,"994,000",VARSITY,LI,994000.0
55 WOODACRES CR SW,"872,500",WOODBINE,LI,872500.0
203 670 PRINCETON WY SW,"886,000",EAU CLAIRE,LI,886000.0
4771 RUNDLEWOOD RD NE,"531,500",RUNDLE,LI,531500.0
3908 45 ST SW,"657,000",GLAMORGAN,LI,657000.0
406 1505 8 AV NW,"452,000",HILLHURST,LI,452000.0
1520 13 AV SW,"645,500",SUNALTA,LI,645500.0
11 MIDLAWN GR SE,"588,000",MIDNAPORE,LI,588000.0
300 SANTA MARIA GD NE,"1,870,000",BRIDGELAND/RIVERSIDE,LO,1870000.0
412 HARVEST GROVE WK NE,"503,000",HARVEST HILLS,LI,503000.0
95 STRATHDALE CL SW,"1,000,000",STRATHCONA PARK,LI,1000000.0
208V 4350 SETON DR SE,"10,000",SETON,LI,10000.0
28 CITYSIDE CM NE,"676,000",CITYSCAPE,LI,676000.0
61 SLOPES PT SW,"1,320,000",SPRINGBANK HILL,LI,1320000.0
333 333 RIVERFRONT AV SE,"285,500",DOWNTOWN EAST VILLAGE,LI,285500.0
72 CRANSTON GA SE,"566,000",CRANSTON,LI,566000.0
152 CORNER GLEN CR NE,"750,000",CORNERSTONE,LI,750000.0
292V 70 PANAMOUNT DR NW,"10,000",PANORAMA HILLS,LI,10000.0
79V 11 CHAPARRAL RIDGE DR SE,"10,000",CHAPARRAL,LI,10000.0
323V 1000 VALLEYVIEW PA SE,"10,000",DOVER,LI,10000.0
7712 56 ST SE,"3,500,000",GREAT PLAINS,LI,3500000.0
3025 12 ST NE,"1,390,000",SOUTH AIRWAYS,LI,1390000.0
567 HARVEST HILLS DR NE,"497,000",HARVEST HILLS,LI,497000.0
3402 60 SKYVIEW RANCH RD NE,"361,500",SKYVIEW RANCH,LI,361500.0
107 3316 RIDEAU PL SW,"422,500",RIDEAU PARK,LI,422500.0
372 MACEWAN PARK VW NW,"777,000",MACEWAN,LI,777000.0
60 EVERGLADE CI SW,"1,190,000",EVERGREEN,LI,1190000.0
910 221 6 AV SE,"208,500",DOWNTOWN COMMERCIAL CORE,LI,208500.0
29 3519 49 ST NW,"252,500",VARSITY,LI,252500.0
368V 815 4 AV SW,"37,000",DOWNTOWN COMMERCIAL CORE,LI,37000.0
173 ROSERY DR NW,"912,500",ROSEMONT,LI,912500.0
175 DEL RAY RD NE,"767,500",MONTEREY PARK,LI,767500.0
3204 825 8 AV SW,"215,000",DOWNTOWN COMMERCIAL CORE,LI,215000.0
1232 32 ST SE,"452,500",ALBERT PARK/RADISSON HEIGHTS,LI,452500.0
814 8710 HORTON RD SW,"331,000",HAYSBORO,LI,331000.0
12 RED SKY LN NE,"598,000",REDSTONE,LI,598000.0
45 POINT DR NW,"509,000",POINT MCKAY,LO,509000.0
129 STRADDOCK TC SW,"810,500",STRATHCONA PARK,LI,810500.0
3624 CATALINA BV NE,"579,000",MONTEREY PARK,LI,579000.0
2222 76 CORNERSTONE PS NE,"274,000",CORNERSTONE,LI,274000.0
5820 11 ST SE,"24,130,000",BURNS INDUSTRIAL,LI,24130000.0
348 COVECREEK CI NE,"374,500",COVENTRY HILLS,LI,374500.0
6908 SILVER RIDGE WY NW,"782,500",SILVER SPRINGS,LI,782500.0
99 HIDDEN VALLEY PA NW,"626,500",HIDDEN VALLEY,LI,626500.0
2830 17 AV SE,"923,500",ALBERT PARK/RADISSON HEIGHTS,LI,923500.0
14572 24 ST NW,"128,500",MORAINE,LO,128500.0
49 MASTERS ST SE,"590,500",MAHOGANY,LI,590500.0
612 WHITEHORN WY NE,"582,500",WHITEHORN,LI,582500.0
7115 8 ST NW,"557,500",HUNTINGTON HILLS,LI,557500.0
96 MIDPARK DR SE,"694,000",MIDNAPORE,LI,694000.0
125 SKYVIEW POINT GR NE,"518,000",SKYVIEW RANCH,LI,518000.0
107 CORTINA WY SW,"1,140,000",SPRINGBANK HILL,LI,1140000.0
549 WOODBINE BV SW,"664,500",WOODBINE,LI,664500.0
6106 14 HEMLOCK CR SW,"501,500",SPRUCE CLIFF,LI,501500.0
157 HIDDEN RANCH HL NW,"574,000",HIDDEN VALLEY,LI,574000.0
309 4 14 ST NW,"516,500",HILLHURST,LI,516500.0
388V 1118 12 AV SW,"25,000",BELTLINE,LI,25000.0
117 ASCOT PT SW,"520,000",ASPEN WOODS,LI,520000.0
96 HIDDEN RIDGE CL NW,"739,500",HIDDEN VALLEY,LI,739500.0
405 9 COUNTRY VILLAGE BA NE,"333,500",COUNTRY HILLS VILLAGE,LI,333500.0
140 MALLARD GV SE,"673,000",RANGEVIEW,LI,673000.0
52 BRIGHTONDALE CL SE,"734,000",NEW BRIGHTON,LI,734000.0
522 222 RIVERFRONT AV SW,"371,500",CHINATOWN,LI,371500.0
412 317 19 AV SW,"481,500",MISSION,LI,481500.0
115 AUBURN BAY AV SE,"1,130,000",AUBURN BAY,LI,1130000.0
6132 BUCKTHORN RD NW,"546,500",THORNCLIFFE,LI,546500.0
157 EVEROAK PA SW,"838,000",EVERGREEN,LI,838000.0
88V 2518 FISH CREEK BV SW,"10,000",EVERGREEN,LI,10000.0
120 BOW GREEN CR NW,"524,500",BOWNESS,LI,524500.0
211 545 18 AV SW,"324,500",CLIFF BUNGALOW,LI,324500.0
29 ROYAL BIRCH CR NW,"666,500",ROYAL OAK,LI,666500.0
3808 31 ST SW,"824,500",RUTLAND PARK,LI,824500.0
14524 DEER RIDGE DR SE,"661,000",DEER RIDGE,LI,661000.0
527 ARLINGTON DR SE,"642,500",ACADIA,LI,642500.0
3824 14 ST NW,"761,000",CAMBRIAN HEIGHTS,LI,761000.0
4 4915 45 ST SW,"344,500",GLAMORGAN,LI,344500.0
30 FORZANI WY NW,"2,060,000",RESIDUAL WARD 1 - SUB AREA 1H,LI,2060000.0
217V 3932 UNIVERSITY AV NW,"10,000",UNIVERSITY DISTRICT,LI,10000.0
112 MT ABERDEEN CL SE,"567,000",MCKENZIE LAKE,LI,567000.0
23 CRESTRIDGE PT SW,"592,500",CRESTMONT,LO,592500.0
209 CRANFORD DR SE,"621,500",CRANSTON,LI,621500.0
169V 1140 TARADALE DR NE,"10,000",TARADALE,LI,10000.0
1708 4944 DALTON DR NW,"253,000",DALHOUSIE,LI,253000.0
89 SOMERSET DR SW,"590,000",SOMERSET,LI,590000.0
48 MCKENNA MR SE,"555,000",MCKENZIE LAKE,LI,555000.0
20 MCKINLEY CO SE,"684,500",MCKENZIE LAKE,LI,684500.0
1115 MILLCREST RI SW,"530,500",MILLRISE,LI,530500.0
123 RUNDLEVILLE PL NE,"617,500",RUNDLE,LI,617500.0
58 HIDDEN VALLEY GA NW,"598,500",HIDDEN VALLEY,LI,598500.0
608 1231 15 AV SW,"219,500",BELTLINE,LI,219500.0
45 SADDLECREST MR NE,"1,030,000",SADDLE RIDGE,LI,1030000.0
1315 815 4 AV SW,"143,500",DOWNTOWN COMMERCIAL CORE,LI,143500.0
10V 823 5 AV NW,"15,000",SUNNYSIDE,LI,15000.0
100 BRIDLERIDGE MR SW,"430,500",BRIDLEWOOD,LI,430500.0
917 4A ST NW,"721,500",SUNNYSIDE,LI,721500.0
230V 804 3 AV SW,"37,000",EAU CLAIRE,LI,37000.0
1611 41 ST SW,"772,000",ROSSCARROCK,LI,772000.0
319 HUNTRIDGE RD NE,"622,000",HUNTINGTON HILLS,LI,622000.0
2167 SIROCCO DR SW,"798,000",SIGNAL HILL,LI,798000.0
8 ROWMONT VW NW,"257,000",HASKAYNE,LO,257000.0
2634 13 AV SE,"513,500",ALBERT PARK/RADISSON HEIGHTS,LI,513500.0
415 10 MAHOGANY ME SE,"438,500",MAHOGANY,LI,438500.0
90V 215 LEGACY BV SE,"10,000",LEGACY,LI,10000.0
21 SETONSTONE GR SE,"775,500",SETON,LI,775500.0
103 ABADAN CR NE,"421,500",ABBEYDALE,LI,421500.0
906 9800 HORTON RD SW,"232,500",HAYSBORO,LI,232500.0
7728 BOWNESS RD NW,"549,000",BOWNESS,LI,549000.0
5202 VALLANCE CR NW,"1,950,000",VARSITY,LI,1950000.0
60S 518 33 ST NW,"2,500",PARKDALE,LI,2500.0
37V 205 QUARRY WY SE,"10,000",DOUGLASDALE/GLEN,LI,10000.0
2210 2 ST SW,"14,430,000",MISSION,LI,14430000.0
708 318 26 AV SW,"673,500",MISSION,LI,673500.0
722 MEMORIAL DR NW,"1,360,000",SUNNYSIDE,LI,1360000.0
6116A 33 AV NW,"282,000",BOWNESS,LI,282000.0
85 PENWORTH CL SE,"287,500",PENBROOKE MEADOWS,LI,287500.0
7236 RANGE DR NW,"723,500",RANCHLANDS,LI,723500.0
202 1717 12 ST SW,"177,500",LOWER MOUNT ROYAL,LI,177500.0
169S 801 2 AV SW,"3,000",EAU CLAIRE,LI,3000.0
653 CORAL SPRINGS BV NE,"728,500",CORAL SPRINGS,LI,728500.0
310 92 SADDLETREE CO NE,"232,000",SADDLE RIDGE,LI,232000.0
202V 14 HEMLOCK CR SW,"15,000",SPRUCE CLIFF,LI,15000.0
75 ELGIN TC SE,"738,500",MCKENZIE TOWNE,LI,738500.0
101 605 57 AV SW,"213,500",WINDSOR PARK,LI,213500.0
53V BARCLAY WK SW,"37,000",EAU CLAIRE,LI,37000.0
154V 468 14 ST NW,"15,000",HILLHURST,LI,15000.0
200 ABINGER CR NE,"348,500",ABBEYDALE,LI,348500.0
2608 42 ST SE,"426,500",FOREST LAWN,LI,426500.0
3228 KINSALE RD SW,"1,230,000",KILLARNEY/GLENGARRY,LI,1230000.0
12 MARBANK WY NE,"551,000",MARLBOROUGH,LI,551000.0
38 SADDLEMONT WY NE,"470,000",SADDLE RIDGE,LI,470000.0
141 4950 106 AV SE,"601,000",EAST SHEPARD INDUSTRIAL,LI,601000.0
443 BROOKMERE CR SW,"669,500",BRAESIDE,LI,669500.0
39 EDGELAND ME NW,"690,500",EDGEMONT,LI,690500.0
190 EDGERIDGE TC NW,"426,000",EDGEMONT,LI,426000.0
2212 115 PRESTWICK VI SE,"323,500",MCKENZIE TOWNE,LI,323500.0
6 RIVERCREST PL SE,"525,000",RIVERBEND,LI,525000.0
112 535 8 AV SE,"357,500",DOWNTOWN EAST VILLAGE,LI,357500.0
607 TEMPLESIDE RD NE,"519,000",TEMPLE,LI,519000.0
518 OAKHILL PL SW,"753,500",OAKRIDGE,LI,753500.0
276 HAWKWOOD DR NW,"724,000",HAWKWOOD,LI,724000.0
38 HAMPSTEAD TC NW,"849,000",HAMPTONS,LI,849000.0
414 8 ST SW,"132,000",DOWNTOWN COMMERCIAL CORE,LI,132000.0
1207 20A ST NW,"1,320,000",HOUNSFIELD HEIGHTS/BRIAR HILL,LI,1320000.0
24 TUSCARORA PL NW,"670,000",TUSCANY,LI,670000.0
6 ASPEN SUMMIT MT SW,"1,260,000",ASPEN WOODS,LI,1260000.0
10516 WANETA CR SE,"708,000",WILLOW PARK,LI,708000.0
7116 5 ST NW,"601,000",HUNTINGTON HILLS,LI,601000.0
289 TUSCANY VISTA RD NW,"743,500",TUSCANY,LI,743500.0
48 INVERNESS GV SE,"518,500",MCKENZIE TOWNE,LI,518500.0
1143 4058 109 AV NE,"708,500",STONEY 3,LI,708500.0
64 MAHOGANY WY SE,"823,000",MAHOGANY,LI,823000.0
179 COVENTRY CL NE,"538,000",COVENTRY HILLS,LI,538000.0
720 BUFFALOBERRY MR SE,"72,000",RICARDO RANCH,LO,72000.0
79 SAGE VALLEY PA NW,"772,000",SAGE HILL,LI,772000.0
923 RANCH ESTATES PL NW,"755,500",RANCHLANDS,LI,755500.0
937 CITADEL DR NW,"644,000",CITADEL,LI,644000.0
91 LEWISTON DR NE,"312,000",LEWISBURG,LI,312000.0
2401 3500 VARSITY DR NW,"374,000",VARSITY,LI,374000.0
203 121 QUARRY WY SE,"968,000",DOUGLASDALE/GLEN,LI,968000.0
139V 130 AUBURN MEADOWS VW SE,"10,000",AUBURN BAY,LI,10000.0
129V 2022 CANYON MEADOWS DR SE,"10,000",QUEENSLAND,LI,10000.0
1215 COUNTRY HILLS BV NE,"379,000",STONEY 1,LO,379000.0
4711 60 ST NE,"524,000",TEMPLE,LI,524000.0
3908 44 AV NE,"416,500",WHITEHORN,LI,416500.0
19637 48 ST SE,"487,500",SETON,LI,487500.0
197V 5201 DALHOUSIE DR NW,"10,000",DALHOUSIE,LI,10000.0
16 MARTHA'S MEADOW GA NE,"754,000",MARTINDALE,LI,754000.0
945 LIVINGSTON VW NE,"140,500",LIVINGSTON,LO,140500.0
58 LUCAS CV NW,"1,630,000",LIVINGSTON,LI,1630000.0
46 SOMERGLEN WY SW,"625,000",SOMERSET,LI,625000.0
88 HUNTWELL WY NE,"371,500",HUNTINGTON HILLS,LI,371500.0
138 PANAMOUNT ST NW,"740,000",PANORAMA HILLS,LI,740000.0
11027 SACRAMENTO DR SW,"459,000",SOUTHWOOD,LI,459000.0
5911 RUNDLEHORN DR NE,"522,500",PINERIDGE,LI,522500.0
144 TARACOVE ESTATE DR NE,"571,000",TARADALE,LI,571000.0
1024 EDGEMONT RD NW,"922,500",EDGEMONT,LI,922500.0
203 15 SOMERVALE VW SW,"250,000",SOMERSET,LI,250000.0
89 SIGNATURE CL SW,"1,000,000",SIGNAL HILL,LI,1000000.0
316 ROCKY RIDGE CL NW,"737,500",ROCKY RIDGE,LI,737500.0
35 WOOD CR SW,"947,000",WOODLANDS,LI,947000.0
224 ELGIN PT SE,"486,500",MCKENZIE TOWNE,LI,486500.0
8 BUCKTHORN CR NW,"551,500",THORNCLIFFE,LI,551500.0
1260 PENEDO CR SE,"567,500",PENBROOKE MEADOWS,LI,567500.0
373 SAGE HILL RI NW,"572,000",SAGE HILL,LI,572000.0
239 TRAVIS PL NE,"43,000",THORNCLIFFE,LO,43000.0
775 130 AV SW,"663,500",CANYON MEADOWS,LI,663500.0
613 NOLAN HILL BV NW,"755,000",NOLAN HILL,LI,755000.0
847 HARVEST HILLS DR NE,"579,000",HARVEST HILLS,LI,579000.0
59 CITYSCAPE AV NE,"503,000",CITYSCAPE,LI,503000.0
1221 17A ST NW,"1,590,000",HOUNSFIELD HEIGHTS/BRIAR HILL,LI,1590000.0
1811 OLYMPIA DR SE,"462,000",OGDEN,LI,462000.0
103 2214 30 ST SW,"640,500",KILLARNEY/GLENGARRY,LI,640500.0
135 COVILLE CI NE,"620,500",COVENTRY HILLS,LI,620500.0
2516 17A ST NW,"648,000",CAPITOL HILL,LI,648000.0
952 COPPERFIELD BV SE,"621,000",COPPERFIELD,LI,621000.0
1134 ALPINE AV SW,"773,500",ALPINE PARK,LI,773500.0
213 ERIN CI SE,"433,000",ERIN WOODS,LI,433000.0
1736 21 AV NW,"4,640,000",CAPITOL HILL,LI,4640000.0
8659 CITYSCAPE DR NE,"920,500",CITYSCAPE,LI,920500.0
91 AMBLEFIELD AV NW,"208,500",MORAINE,LI,208500.0
151S 837 2 AV SW,"3,000",EAU CLAIRE,LI,3000.0
99 SILVERADO PLAINS CI SW,"589,000",SILVERADO,LI,589000.0
109 CRANBERRY LN SE,"581,000",CRANSTON,LI,581000.0
16V 119 19 ST NW,"15,000",WEST HILLHURST,LI,15000.0
320 500 ROCKY VISTA GD NW,"311,000",ROCKY RIDGE,LI,311000.0
196V 738 1 AV SW,"37,000",EAU CLAIRE,LI,37000.0
335 COPPERFIELD BV SE,"404,000",COPPERFIELD,LI,404000.0
207 200 HARVEST HILLS PL NE,"421,000",HARVEST HILLS,LI,421000.0
3049 1818 SIMCOE BV SW,"381,500",SIGNAL HILL,LI,381500.0
253 SORA WY SE,"102,500",HOTCHKISS,LO,102500.0
1947 9 AV NW,"962,500",HOUNSFIELD HEIGHTS/BRIAR HILL,LI,962500.0
605 SAVANNA DR NE,"154,500",SADDLE RIDGE,LO,154500.0
188V 1317 27 ST SE,"10,000",ALBERT PARK/RADISSON HEIGHTS,LI,10000.0
5639 DALCASTLE RI NW,"780,000",DALHOUSIE,LI,780000.0
162V 111 9 ST NE,"15,000",BRIDGELAND/RIVERSIDE,LI,15000.0
11724 CANFIELD RD SW,"464,000",CANYON MEADOWS,LI,464000.0
1372 CORNERSTONE ST NE,"969,000",CORNERSTONE,LI,969000.0
129 SAVANNA PS NE,"839,000",SADDLE RIDGE,LI,839000.0
12 MILLSIDE CO SW,"630,000",MILLRISE,LI,630000.0
18 MCHUGH RD NE,"521,500",MAYLAND HEIGHTS,LI,521500.0
397 LEGACY CI SE,"868,000",LEGACY,LI,868000.0
309 3650 MARDA LI SW,"439,000",GARRISON WOODS,LI,439000.0
223 20 ROYAL OAK PZ NW,"264,000",ROYAL OAK,LI,264000.0
429 HAWKSIDE ME NW,"1,150,000",HAWKWOOD,LI,1150000.0
307S 1500 7 ST SW,"3,000",BELTLINE,LI,3000.0
107 MACEWAN MEADOW WY NW,"538,500",MACEWAN,LI,538500.0
125 MT DOUGLAS MR SE,"423,500",MCKENZIE LAKE,LI,423500.0
44 DOUGLASDALE CR SE,"747,000",DOUGLASDALE/GLEN,LI,747000.0
2911 LINDSTROM DR SW,"1,630,000",LAKEVIEW,LI,1630000.0
214 BERMUDA DR NW,"465,500",BEDDINGTON HEIGHTS,LI,465500.0
163 MAITLAND DR NE,"496,500",MARLBOROUGH PARK,LI,496500.0
702 474 SETON CI SE,"486,500",SETON,LI,486500.0
167 WHITEHAVEN RD NE,"496,500",WHITEHORN,LI,496500.0
307 WOODPARK CO SW,"771,500",WOODLANDS,LI,771500.0
248 FALLSWATER RD NE,"489,000",FALCONRIDGE,LI,489000.0
19 MILLRISE CR SW,"671,500",MILLRISE,LI,671500.0
402 1220 13 AV SW,"202,500",BELTLINE,LI,202500.0
10551 SHILLINGTON CR SW,"658,000",SOUTHWOOD,LI,658000.0
406V 214 12 AV SE,"25,000",BELTLINE,LI,25000.0
1003 1111 10 ST SW,"294,000",BELTLINE,LI,294000.0
2609 21 ST SW,"842,500",RICHMOND,LI,842500.0
3626 67 ST NW,"312,000",BOWNESS,LI,312000.0
368 SKYVIEW SHORES MR NE,"823,500",SKYVIEW RANCH,LI,823500.0
40V 133 ROCKYLEDGE VW NW,"10,000",ROCKY RIDGE,LI,10000.0
329 COPPERFIELD BV SE,"404,000",COPPERFIELD,LI,404000.0
174 CAPILANO CR NW,"937,000",CHARLESWOOD,LI,937000.0
203 1209 6 ST SW,"177,000",BELTLINE,LI,177000.0
11 CRESTMONT DR SW,"774,000",CRESTMONT,LI,774000.0
433 MARSH RD NE,"559,000",CRESCENT HEIGHTS,LI,559000.0
48 28 BERWICK CR NW,"368,500",BEDDINGTON HEIGHTS,LI,368500.0
2420 WOODVIEW DR SW,"372,500",WOODLANDS,LI,372500.0
482V 30 SIERRA MORENA ME SW,"10,000",SIGNAL HILL,LI,10000.0
4239 DOVERCREST DR SE,"445,000",DOVER,LI,445000.0
208 318 26 AV SW,"643,000",MISSION,LI,643000.0
89 ELGIN MEADOWS CI SE,"648,500",MCKENZIE TOWNE,LI,648500.0
262V 2233 34 AV SW,"10,000",GARRISON WOODS,LI,10000.0
14505 80 AV NW,"1,340,000",HASKAYNE,LO,1340000.0
22 PARKRIDGE VW SE,"665,500",PARKLAND,LI,665500.0
30 CANSO CO SW,"1,410,000",CANYON MEADOWS,LI,1410000.0
984 73 ST SW,"1,060,000",WEST SPRINGS,LI,1060000.0
6015 5 AV SE,"397,500",PENBROOKE MEADOWS,LI,397500.0
112 PANTEGO CL NW,"656,000",PANORAMA HILLS,LI,656000.0
55 SADDLELAND CR NE,"805,500",SADDLE RIDGE,LI,805500.0
23 SADDLEBROOK GD NE,"566,000",SADDLE RIDGE,LI,566000.0
205 SPRING WILLOW ST SW,"1,520,000",SPRINGBANK HILL,LI,1520000.0
8823 48 AV NW,"508,000",BOWNESS,LI,508000.0
8240 4A ST SW,"708,500",KINGSLAND,LI,708500.0
1023 73 ST SW,"1,430,000",WEST SPRINGS,LI,1430000.0
56 WOODLARK DR SW,"947,000",WILDWOOD,LI,947000.0
40 CRANBROOK HT SE,"1,570,000",CRANSTON,LI,1570000.0
25 ASPEN HILLS TC SW,"520,500",ASPEN WOODS,LI,520500.0
144 COUGAR PLATEAU CI SW,"1,120,000",COUGAR RIDGE,LI,1120000.0
2110 9 ST NW,"2,290,000",MOUNT PLEASANT,LI,2290000.0
1628 CHESTER PL NW,"806,000",COLLINGWOOD,LI,806000.0
121 7725 56 ST SE,"663,500",GREAT PLAINS,LI,663500.0
223 VALLEY CREST CL NW,"640,000",VALLEY RIDGE,LI,640000.0
1107 1540 SHERWOOD BV NW,"300,000",SHERWOOD,LI,300000.0
161 YORKVILLE GR SW,"884,000",YORKVILLE,LI,884000.0
54 ASPEN RIDGE WY SW,"2,200,000",ASPEN WOODS,LI,2200000.0
205 19 AV NW,"615,500",TUXEDO PARK,LI,615500.0
2628 126 AV SW,"619,000",WOODBINE,LI,619000.0
10439 BRACKENRIDGE RD SW,"639,500",BRAESIDE,LI,639500.0
10774 VALLEY SPRINGS RD NW,"737,000",VALLEY RIDGE,LI,737000.0
4220 17 AV NW,"482,500",MONTGOMERY,LI,482500.0
70 WOODMEADOW CL SW,"585,500",WOODLANDS,LI,585500.0
155 WALGROVE CM SE,"395,000",WALDEN,LI,395000.0
85 ROCKYVALE GR NW,"1,380,000",ROCKY RIDGE,LI,1380000.0
5301 16969 24 ST SW,"318,000",BRIDLEWOOD,LI,318000.0
99 SPRING VALLEY WY SW,"4,800",SPRINGBANK HILL,LO,4800.0
144 ELGIN MR SE,"615,000",MCKENZIE TOWNE,LI,615000.0
1804 1010 6 ST SW,"292,000",BELTLINE,LI,292000.0
33 PATINA TC SW,"826,000",PATTERSON,LI,826000.0
36 CHAPARRAL LI SE,"690,500",CHAPARRAL,LI,690500.0
2740 17 ST SE,"689,500",INGLEWOOD,LI,689500.0
313 ROWMONT DR NW,"357,000",HASKAYNE,LO,357000.0
3407 BRETON CL NW,"771,500",BRENTWOOD,LI,771500.0
505 1231 15 AV SW,"200,500",BELTLINE,LI,200500.0
2308 220 SETON GV SE,"370,000",SETON,LI,370000.0
934 39 ST SW,"685,500",ROSSCARROCK,LI,685500.0
6790 KOOTENAY ST SW,"216,000",KELVIN GROVE,LI,216000.0
39 CHAPARRAL PT SE,"443,500",CHAPARRAL,LI,443500.0
111 SCENIC GD NW,"543,500",SCENIC ACRES,LI,543500.0
6725 LIVINGSTONE DR SW,"1,430,000",LAKEVIEW,LI,1430000.0
454V 901 10 AV SW,"25,000",BELTLINE,LI,25000.0
362V 315 3 ST SE,"37,000",DOWNTOWN EAST VILLAGE,LI,37000.0
109 THOMSON AV NE,"617,000",BRIDGELAND/RIVERSIDE,LI,617000.0
231 AUBURN SHORES LD SE,"1,380,000",AUBURN BAY,LI,1380000.0
50V 60 CARRINGTON PZ NW,"10,000",CARRINGTON,LI,10000.0
306 SIGNAL HILL GR SW,"410,500",SIGNAL HILL,LI,410500.0
191 BRIDLECREST BV SW,"575,000",BRIDLEWOOD,LI,575000.0
118 3907 3A ST NE,"278,000",GREENVIEW INDUSTRIAL PARK,LI,278000.0
101 431A HUNTSVILLE CR NW,"208,500",HUNTINGTON HILLS,LI,208500.0
162 DOVERCLIFFE CL SE,"480,000",DOVER,LI,480000.0
205 7 HARVEST GOLD MR NE,"326,000",HARVEST HILLS,LI,326000.0
238 COPPERLEAF WY SE,"525,500",COPPERFIELD,LI,525500.0
320 30 DISCOVERY RIDGE CL SW,"465,000",DISCOVERY RIDGE,LI,465000.0
523 22 AV NW,"1,020,000",MOUNT PLEASANT,LI,1020000.0
136 WOODSTOCK RD SW,"784,500",WOODLANDS,LI,784500.0
517V 210 15 AV SE,"25,000",BELTLINE,LI,25000.0
90 ASPEN RIDGE HT SW,"2,790,000",ASPEN WOODS,LI,2790000.0
235V 88 9 ST NE,"15,000",BRIDGELAND/RIVERSIDE,LI,15000.0
1061 BRIGHTONCREST CM SE,"673,000",NEW BRIGHTON,LI,673000.0
69 WEST POINT CL SW,"1,400,000",WEST SPRINGS,LI,1400000.0
162 BRIGHTONDALE CR SE,"667,000",NEW BRIGHTON,LI,667000.0
155 BARTLETT CR SE,"314,500",RANGEVIEW,LI,314500.0
328 LIVINGSTON VW NE,"806,500",LIVINGSTON,LI,806500.0
45V 2 14 ST NW,"15,000",HILLHURST,LI,15000.0
110 777 3 AV SW,"353,000",DOWNTOWN COMMERCIAL CORE,LI,353000.0
72 DOUGLASBANK RI SE,"577,500",DOUGLASDALE/GLEN,LI,577500.0
117 6800 HUNTERVIEW DR NW,"289,000",HUNTINGTON HILLS,LI,289000.0
224 MCKENZIE TOWNE LI SE,"431,000",MCKENZIE TOWNE,LI,431000.0
102 WOODPARK CL SW,"960,500",WOODLANDS,LI,960500.0
16 REDSTONE WY NE,"263,500",REDSTONE,LI,263500.0
41 SAVANNA GV NE,"1,070,000",SADDLE RIDGE,LI,1070000.0
351V 16320 24 ST SW,"10,000",BRIDLEWOOD,LI,10000.0
6 1750 120 AV NE,"421,500",STONEY 1,LI,421500.0
216V 626 14 AV SW,"25,000",BELTLINE,LI,25000.0
124 DOUGLAS SHORE CL SE,"1,300,000",DOUGLASDALE/GLEN,LI,1300000.0
127 DOUGLAS PARK ME SE,"826,000",DOUGLASDALE/GLEN,LI,826000.0
429 MARTINDALE BV NE,"558,500",MARTINDALE,LI,558500.0
520 HUNTERPLAIN HL NW,"708,000",HUNTINGTON HILLS,LI,708000.0
30 SILVERADO PLAINS CI SW,"571,000",SILVERADO,LI,571000.0
432 406 BLACKTHORN RD NE,"287,500",THORNCLIFFE,LI,287500.0
2328 2330 FISH CREEK BV SW,"768,500",EVERGREEN,LI,768500.0
63 TARACOVE CR NE,"823,500",TARADALE,LI,823500.0
323V 200 AUBURN MEADOWS CM SE,"10,000",AUBURN BAY,LI,10000.0
586 PANAMOUNT BV NW,"826,000",PANORAMA HILLS,LI,826000.0
2 6841 COACH HILL RD SW,"602,000",COACH HILL,LI,602000.0
2302 221 6 AV SE,"240,000",DOWNTOWN COMMERCIAL CORE,LI,240000.0
123 MAHOGANY WY SE,"905,500",MAHOGANY,LI,905500.0
17 SKYVIEW SHORES CV NE,"792,500",SKYVIEW RANCH,LI,792500.0
145 EVEROAK CI SW,"779,500",EVERGREEN,LI,779500.0
66 251 90 AV SE,"314,000",ACADIA,LI,314000.0
666V 81 LEGACY BV SE,"10,000",LEGACY,LI,10000.0
5207 MARLBOROUGH DR NE,"561,500",MARLBOROUGH,LI,561500.0
50 COPPERHEAD WY SE,"130,000",COPPERFIELD,LO,130000.0
433 BELMONT PA SW,"713,500",BELMONT,LI,713500.0
208 PANAMOUNT GR NW,"798,500",PANORAMA HILLS,LI,798500.0
440 CORNERSTONE PS NE,"644,500",CORNERSTONE,LI,644500.0
221 CITYSCAPE BV NE,"500,000",CITYSCAPE,LI,500000.0
230 MARTHA'S MR NE,"763,500",MARTINDALE,LI,763500.0
152 SAGE BLUFF CI NW,"503,000",SAGE HILL,LI,503000.0
5033 ELGIN AV SE,"735,500",MCKENZIE TOWNE,LI,735500.0
3780 136 AV NW,"913,000",SAGE HILL,LI,913000.0
12 COVINGTON CL NE,"474,500",COVENTRY HILLS,LI,474500.0
3107 5A ST NW,"922,500",MOUNT PLEASANT,LO,922500.0
202 CORAL KEYS DR NE,"627,500",CORAL SPRINGS,LI,627500.0
475V 7130 80 AV NE,"10,000",SADDLE RIDGE,LI,10000.0
207V 5201 DALHOUSIE DR NW,"10,000",DALHOUSIE,LI,10000.0
88 PANORA CL NW,"561,000",PANORAMA HILLS,LI,561000.0
30 DOUGLAS GLEN CI SE,"631,000",DOUGLASDALE/GLEN,LI,631000.0
909 626 14 AV SW,"304,500",BELTLINE,LI,304500.0
1211 42 CRANBROOK GD SE,"383,000",CRANSTON,LI,383000.0
109 2411 ERLTON RD SW,"395,500",ERLTON,LI,395500.0
164 ERIN MEADOW CL SE,"614,500",ERIN WOODS,LI,614500.0
617V 10 PRESTWICK BA SE,"10,000",MCKENZIE TOWNE,LI,10000.0
504 AUBURN BAY AV SE,"605,500",AUBURN BAY,LI,605500.0
23 SAN DIEGO MR NE,"478,500",MONTEREY PARK,LI,478500.0
9 TUSCANY RAVINE TC NW,"734,000",TUSCANY,LI,734000.0
201 LUCAS WY NW,"1,460,000",LIVINGSTON,LI,1460000.0
2415 PEGASUS RD NE,"2,780,000",PEGASUS INDUSTRIAL,LI,2780000.0
21 4769 HUBALTA RD SE,"269,500",DOVER,LI,269500.0
94V 2715 12 AV SE,"10,000",ALBERT PARK/RADISSON HEIGHTS,LI,10000.0
158 EVERRIDGE GD SW,"446,500",EVERGREEN,LI,446500.0
3932 CORNERSTONE BV NE,"659,000",CORNERSTONE,LI,659000.0
89 WALDEN MR SE,"707,000",WALDEN,LI,707000.0
158V 303 13 AV SW,"25,000",BELTLINE,LI,25000.0
5304 37 ST SW,"521,500",LAKEVIEW,LI,521500.0
134 MITCHELL VI NW,"179,000",GLACIER RIDGE,LO,179000.0
501 117 14 AV SW,"206,000",BELTLINE,LI,206000.0
97V 60 CARRINGTON PZ NW,"10,000",CARRINGTON,LI,10000.0
6124B 33 AV NW,"281,500",BOWNESS,LI,281500.0
2114 5605 HENWOOD ST SW,"247,500",GARRISON GREEN,LI,247500.0
106V 4641 128 AV NE,"10,000",SKYVIEW RANCH,LI,10000.0
168 NORTHMOUNT DR NW,"513,000",THORNCLIFFE,LI,513000.0
414 MT CORNWALL CI SE,"608,000",MCKENZIE LAKE,LI,608000.0
203 2121 98 AV SW,"392,000",PALLISER,LI,392000.0
1925 10 AV NW,"1,730,000",HOUNSFIELD HEIGHTS/BRIAR HILL,LI,1730000.0
114V 19489 MAIN ST SE,"10,000",SETON,LI,10000.0
21298 SHERIFF KING ST SW,"627,000",PINE CREEK,LI,627000.0
5207 DALCROFT CR NW,"777,500",DALHOUSIE,LI,777500.0
190 BELMONT DR SW,"628,000",BELMONT,LI,628000.0
105 WIMBLEDON CR SW,"696,000",WILDWOOD,LI,696000.0
15 SKYVIEW RANCH CR NE,"755,000",SKYVIEW RANCH,LI,755000.0
103 CITYLINE PT NE,"1,000,000",CITYSCAPE,LI,1000000.0
189 EVEROAK CI SW,"826,500",EVERGREEN,LI,826500.0
618V 302 SKYVIEW RANCH DR NE,"10,000",SKYVIEW RANCH,LI,10000.0
2832 EDENWOLD HT NW,"283,500",EDGEMONT,LI,283500.0
151 CASTLEDALE CR NE,"90,000",CASTLERIDGE,LO,90000.0
313 BELMONT PA SW,"623,500",BELMONT,LI,623500.0
324 39 AV SE,"1,880,000",MANCHESTER INDUSTRIAL,LI,1880000.0
409 317 19 AV SW,"443,500",MISSION,LI,443500.0
161V 16 VARSITY ESTATES CI NW,"10,000",VARSITY,LI,10000.0
4004 46 ST SW,"616,000",GLAMORGAN,LI,616000.0
3218 4250 109 AV NE,"496,500",STONEY 3,LI,496500.0
79 SADDLEMONT CR NE,"598,500",SADDLE RIDGE,LI,598500.0
83 EVERSTONE BV SW,"564,000",EVERGREEN,LI,564000.0
140 PANAMOUNT MR NW,"890,000",PANORAMA HILLS,LI,890000.0
2329 168 ST MORITZ DR SW,"438,000",SPRINGBANK HILL,LI,438000.0
4328 17 AV NW,"548,000",MONTGOMERY,LI,548000.0
204 RIVERGLEN PL SE,"629,000",RIVERBEND,LI,629000.0
263V 211 13 AV SW,"25,000",BELTLINE,LI,25000.0
3 COVEPARK WY NE,"578,500",COVENTRY HILLS,LI,578500.0
102 SIERRA MORENA CL SW,"756,000",SIGNAL HILL,LI,756000.0
272V 302 SKYVIEW RANCH DR NE,"10,000",SKYVIEW RANCH,LI,10000.0
42 NOLANFIELD TC NW,"582,500",NOLAN HILL,LI,582500.0
36 MCKINLEY RI SE,"578,500",MCKENZIE LAKE,LI,578500.0
62 CORNER GLEN MR NE,"241,000",CORNERSTONE,LO,241000.0
103V 1702 17 AV SW,"15,000",SCARBORO,LI,15000.0
160 CHAPARRAL CR SE,"778,500",CHAPARRAL,LI,778500.0
443V 130 PANATELLA ST NW,"10,000",PANORAMA HILLS,LI,10000.0
812 19 AV SW,"830,500",LOWER MOUNT ROYAL,LI,830500.0
207 9 AV NE,"856,500",CRESCENT HEIGHTS,LI,856500.0
231 MILLVIEW GR SW,"390,000",MILLRISE,LI,390000.0
182 TUSCANY DR NW,"606,500",TUSCANY,LI,606500.0
1515 815 4 AV SW,"146,500",DOWNTOWN COMMERCIAL CORE,LI,146500.0
95 RIVERBROOK WY SE,"501,000",RIVERBEND,LI,501000.0
2406 530 3 ST SE,"599,000",DOWNTOWN EAST VILLAGE,LI,599000.0
293 AUBURN MEADOWS BV SE,"669,500",AUBURN BAY,LI,669500.0
3 206 GRIER TC NE,"286,000",GREENVIEW,LI,286000.0
307 328 21 AV SW,"396,500",MISSION,LI,396500.0
302 8850 48 ST NE,"110,000",SADDLE RIDGE,LI,110000.0
256 HAMPSTEAD PL NW,"910,000",HAMPTONS,LI,910000.0
31 SPRING GLEN VW SW,"1,990,000",SPRINGBANK HILL,LI,1990000.0
2961 SIGNAL HILL DR SW,"1,110,000",SIGNAL HILL,LI,1110000.0
273 SCENIC VIEW CL NW,"717,500",SCENIC ACRES,LI,717500.0
47 PANTON RD NW,"751,500",PANORAMA HILLS,LI,751500.0
2020 24A ST SW,"789,500",RICHMOND,LI,789500.0
8415 SADDLEBROOK DR NE,"426,500",SADDLE RIDGE,LI,426500.0
2836 6 AV NW,"1,060,000",WEST HILLHURST,LI,1060000.0
158 SOMERSIDE PA SW,"503,000",SOMERSET,LI,503000.0
604 1053 10 ST SW,"220,500",BELTLINE,LI,220500.0
383S 2233 34 AV SW,"2,500",GARRISON WOODS,LI,2500.0
146 AUBURN SOUND CI SE,"1,010,000",AUBURN BAY,LI,1010000.0
208 PENWORTH DR SE,"364,500",PENBROOKE MEADOWS,LI,364500.0
16 WOODGLEN CO SW,"539,500",WOODBINE,LI,539500.0
1021 17 AV SE,"538,500",RAMSAY,LI,538500.0
138 ROCKY RIDGE LD NW,"813,000",ROCKY RIDGE,LI,813000.0
209 1121 6 AV SW,"225,500",DOWNTOWN WEST END,LI,225500.0
46 SADDLEBROOK PT NE,"298,500",SADDLE RIDGE,LI,298500.0
4712 16 AV NW,"2,940,000",MONTGOMERY,LI,2940000.0
34 ROSSBURN CR SW,"726,000",ROSSCARROCK,LI,726000.0
6420 CROWCHILD TR SW,"622,500",NORTH GLENMORE PARK,LI,622500.0
47 CAMBRIAN DR NW,"765,500",ROSEMONT,LI,765500.0
15213 PRESTWICK BV SE,"648,000",MCKENZIE TOWNE,LI,648000.0
616 10 AV NE,"979,000",RENFREW,LI,979000.0
4207 69 ST NW,"532,500",BOWNESS,LI,532500.0
940 39 ST SW,"685,500",ROSSCARROCK,LI,685500.0
202 1029 15 AV SW,"349,000",BELTLINE,LI,349000.0
80 WOODBINE BV SW,"605,500",WOODBINE,LI,605500.0
